ID,Class
0,siren
1,street_music
2,drilling
3,siren
4,dog_bark
10,street_music
11,drilling
12,gun_shot
15,dog_bark
20,engine_idling
22,air_conditioner
24,air_conditioner
26,engine_idling
27,siren
36,siren
37,jackhammer
38,street_music
40,jackhammer
43,siren
44,children_playing
45,jackhammer
46,engine_idling
47,air_conditioner
48,car_horn
50,siren
52,gun_shot
54,children_playing
56,children_playing
57,drilling
59,gun_shot
63,drilling
65,street_music
67,children_playing
71,dog_bark
74,street_music
76,jackhammer
77,air_conditioner
78,dog_bark
81,jackhammer
83,car_horn
84,street_music
88,car_horn
90,siren
92,siren
93,street_music
97,dog_bark
100,air_conditioner
103,air_conditioner
104,jackhammer
116,drilling
118,street_music
119,drilling
120,street_music
121,jackhammer
123,drilling
125,engine_idling
128,jackhammer
130,drilling
131,car_horn
132,street_music
136,drilling
137,jackhammer
138,drilling
139,dog_bark
140,jackhammer
146,drilling
148,car_horn
153,jackhammer
159,siren
160,dog_bark
163,dog_bark
164,dog_bark
170,dog_bark
171,engine_idling
172,children_playing
174,children_playing
175,gun_shot
176,car_horn
178,jackhammer
179,drilling
185,street_music
187,drilling
188,engine_idling
189,children_playing
192,air_conditioner
193,air_conditioner
197,children_playing
200,jackhammer
202,gun_shot
208,drilling
211,siren
213,siren
214,street_music
215,dog_bark
216,drilling
218,dog_bark
219,drilling
221,dog_bark
222,jackhammer
224,dog_bark
226,air_conditioner
227,engine_idling
228,engine_idling
230,street_music
232,jackhammer
233,children_playing
239,drilling
245,dog_bark
246,siren
247,street_music
248,siren
249,siren
250,children_playing
252,dog_bark
253,siren
255,children_playing
260,children_playing
261,gun_shot
263,jackhammer
264,air_conditioner
269,jackhammer
270,drilling
271,drilling
272,drilling
275,jackhammer
276,dog_bark
277,children_playing
278,jackhammer
280,street_music
282,street_music
285,jackhammer
286,siren
299,children_playing
300,car_horn
303,drilling
304,dog_bark
306,children_playing
307,drilling
308,street_music
309,siren
312,air_conditioner
314,street_music
315,jackhammer
316,jackhammer
317,street_music
318,car_horn
319,street_music
322,siren
323,jackhammer
327,dog_bark
328,air_conditioner
329,car_horn
330,street_music
331,dog_bark
336,drilling
338,dog_bark
339,street_music
342,children_playing
346,car_horn
347,siren
348,children_playing
349,car_horn
350,air_conditioner
351,drilling
352,engine_idling
353,engine_idling
354,street_music
355,drilling
357,drilling
359,air_conditioner
360,children_playing
363,jackhammer
364,dog_bark
367,gun_shot
369,jackhammer
370,dog_bark
371,siren
372,children_playing
374,dog_bark
376,drilling
377,car_horn
380,drilling
381,jackhammer
382,engine_idling
385,siren
386,engine_idling
388,siren
391,siren
392,street_music
394,street_music
396,siren
397,siren
401,children_playing
402,jackhammer
406,air_conditioner
408,engine_idling
412,engine_idling
413,dog_bark
414,jackhammer
417,jackhammer
418,gun_shot
419,car_horn
423,children_playing
427,siren
428,drilling
429,air_conditioner
430,siren
435,street_music
436,air_conditioner
437,engine_idling
440,children_playing
442,dog_bark
444,car_horn
446,siren
449,dog_bark
450,street_music
455,siren
456,drilling
457,children_playing
459,engine_idling
461,drilling
464,street_music
467,siren
468,siren
470,drilling
471,air_conditioner
472,gun_shot
479,street_music
482,dog_bark
485,children_playing
488,car_horn
489,children_playing
491,jackhammer
493,car_horn
495,street_music
497,drilling
498,street_music
506,drilling
507,dog_bark
509,children_playing
511,children_playing
515,street_music
516,dog_bark
520,siren
522,children_playing
523,gun_shot
527,street_music
532,siren
533,drilling
534,air_conditioner
540,dog_bark
547,street_music
549,street_music
551,car_horn
554,drilling
559,engine_idling
560,children_playing
561,air_conditioner
562,siren
564,dog_bark
565,children_playing
566,children_playing
567,air_conditioner
568,drilling
569,jackhammer
570,drilling
571,car_horn
572,children_playing
573,drilling
575,siren
576,street_music
579,siren
580,street_music
583,dog_bark
584,gun_shot
586,engine_idling
587,engine_idling
589,dog_bark
590,street_music
593,children_playing
597,jackhammer
598,siren
599,jackhammer
600,street_music
603,street_music
605,gun_shot
606,children_playing
610,children_playing
613,siren
619,street_music
624,dog_bark
629,siren
635,drilling
636,children_playing
643,siren
645,car_horn
646,street_music
648,street_music
651,siren
652,car_horn
654,siren
657,air_conditioner
658,dog_bark
659,air_conditioner
660,drilling
661,engine_idling
665,air_conditioner
666,engine_idling
669,siren
670,street_music
671,dog_bark
673,dog_bark
676,jackhammer
677,drilling
679,engine_idling
683,siren
684,drilling
685,engine_idling
686,siren
687,siren
689,air_conditioner
690,street_music
693,air_conditioner
694,engine_idling
695,street_music
698,children_playing
703,street_music
709,drilling
710,street_music
712,children_playing
713,drilling
714,engine_idling
716,drilling
717,children_playing
721,dog_bark
722,children_playing
726,children_playing
729,street_music
730,jackhammer
732,gun_shot
733,dog_bark
734,drilling
737,siren
739,dog_bark
740,jackhammer
742,siren
744,street_music
748,street_music
755,jackhammer
757,siren
758,street_music
760,children_playing
761,siren
764,dog_bark
765,air_conditioner
771,street_music
772,dog_bark
773,air_conditioner
778,dog_bark
780,air_conditioner
783,dog_bark
784,children_playing
785,dog_bark
787,jackhammer
790,gun_shot
791,street_music
792,street_music
794,drilling
802,air_conditioner
803,drilling
804,dog_bark
810,gun_shot
812,dog_bark
813,street_music
816,air_conditioner
817,drilling
819,air_conditioner
821,children_playing
824,car_horn
829,air_conditioner
830,street_music
832,engine_idling
833,children_playing
834,engine_idling
835,siren
839,drilling
840,drilling
841,dog_bark
843,siren
844,drilling
845,engine_idling
848,car_horn
849,street_music
850,siren
851,drilling
855,air_conditioner
857,dog_bark
860,engine_idling
863,jackhammer
864,car_horn
868,siren
871,street_music
872,engine_idling
874,children_playing
875,jackhammer
878,dog_bark
881,children_playing
882,car_horn
884,car_horn
885,jackhammer
886,dog_bark
887,drilling
889,gun_shot
891,children_playing
892,car_horn
893,children_playing
898,drilling
899,siren
900,air_conditioner
901,dog_bark
904,dog_bark
905,dog_bark
906,dog_bark
907,car_horn
911,dog_bark
914,car_horn
915,dog_bark
921,street_music
926,street_music
927,car_horn
928,car_horn
930,dog_bark
932,engine_idling
937,engine_idling
938,street_music
941,jackhammer
943,siren
945,jackhammer
946,street_music
948,drilling
951,dog_bark
953,street_music
954,car_horn
957,children_playing
959,drilling
963,gun_shot
964,dog_bark
965,air_conditioner
971,jackhammer
973,children_playing
975,gun_shot
977,siren
978,children_playing
979,drilling
980,jackhammer
985,air_conditioner
986,jackhammer
987,siren
990,drilling
995,drilling
996,street_music
1000,street_music
1066,air_conditioner
1068,siren
1069,siren
1070,engine_idling
1071,drilling
1072,children_playing
1074,engine_idling
1076,dog_bark
1077,engine_idling
1078,car_horn
1080,street_music
1083,street_music
1087,air_conditioner
1088,air_conditioner
1089,air_conditioner
1090,jackhammer
1092,children_playing
1096,air_conditioner
1100,air_conditioner
1105,car_horn
1106,children_playing
1112,street_music
1113,drilling
1115,air_conditioner
1116,siren
1119,siren
1120,dog_bark
1126,air_conditioner
1129,street_music
1131,engine_idling
1133,street_music
1145,jackhammer
1147,children_playing
1150,drilling
1151,children_playing
1156,children_playing
1157,siren
1168,air_conditioner
1174,car_horn
1180,car_horn
1181,children_playing
1182,car_horn
1183,jackhammer
1186,dog_bark
1187,drilling
1188,jackhammer
1191,street_music
1205,engine_idling
1219,car_horn
1220,drilling
1224,siren
1226,siren
1230,drilling
1231,dog_bark
1232,air_conditioner
1235,jackhammer
1236,siren
1237,air_conditioner
1240,drilling
1241,siren
1242,siren
1243,dog_bark
1245,air_conditioner
1246,gun_shot
1248,drilling
1251,siren
1252,jackhammer
1255,engine_idling
1256,air_conditioner
1261,drilling
1262,children_playing
1269,siren
1272,engine_idling
1273,children_playing
1275,engine_idling
1277,children_playing
1278,children_playing
1286,jackhammer
1287,dog_bark
1292,air_conditioner
1294,siren
1295,siren
1296,siren
1298,children_playing
1300,drilling
1302,drilling
1303,car_horn
1305,siren
1306,jackhammer
1308,street_music
1310,engine_idling
1311,children_playing
1312,engine_idling
1316,street_music
1318,jackhammer
1319,dog_bark
1322,drilling
1326,air_conditioner
1328,drilling
1329,engine_idling
1330,siren
1332,siren
1334,jackhammer
1335,engine_idling
1337,dog_bark
1338,street_music
1339,street_music
1341,gun_shot
1346,drilling
1349,jackhammer
1350,drilling
1357,jackhammer
1358,engine_idling
1361,dog_bark
1365,siren
1366,street_music
1367,jackhammer
1368,gun_shot
1370,drilling
1377,engine_idling
1380,car_horn
1384,street_music
1386,car_horn
1394,drilling
1396,drilling
1398,dog_bark
1399,engine_idling
1400,dog_bark
1409,air_conditioner
1415,children_playing
1417,gun_shot
1418,dog_bark
1425,gun_shot
1428,jackhammer
1432,drilling
1435,car_horn
1436,drilling
1447,jackhammer
1448,drilling
1450,air_conditioner
1454,siren
1458,dog_bark
1459,dog_bark
1460,engine_idling
1461,engine_idling
1462,street_music
1467,engine_idling
1468,drilling
1469,drilling
1471,gun_shot
1473,jackhammer
1475,drilling
1477,gun_shot
1478,siren
1485,children_playing
1488,car_horn
1489,dog_bark
1491,gun_shot
1492,dog_bark
1493,children_playing
1498,children_playing
1502,gun_shot
1503,siren
1506,jackhammer
1508,dog_bark
1512,drilling
1515,dog_bark
1518,street_music
1520,gun_shot
1523,street_music
1525,drilling
1527,siren
1530,street_music
1531,air_conditioner
1532,siren
1546,air_conditioner
1547,air_conditioner
1548,air_conditioner
1550,car_horn
1551,car_horn
1552,dog_bark
1556,jackhammer
1558,jackhammer
1560,street_music
1562,children_playing
1563,street_music
1564,gun_shot
1567,jackhammer
1569,drilling
1571,street_music
1574,jackhammer
1578,siren
1579,air_conditioner
1581,jackhammer
1584,street_music
1589,siren
1593,drilling
1598,jackhammer
1599,siren
1602,engine_idling
1603,street_music
1604,car_horn
1605,jackhammer
1606,car_horn
1614,air_conditioner
1615,car_horn
1618,drilling
1621,engine_idling
1623,siren
1626,engine_idling
1629,drilling
1633,children_playing
1634,street_music
1636,jackhammer
1651,street_music
1652,dog_bark
1653,gun_shot
1656,gun_shot
1660,drilling
1663,dog_bark
1666,drilling
1672,siren
1674,jackhammer
1677,drilling
1679,gun_shot
1680,siren
1681,jackhammer
1686,air_conditioner
1687,dog_bark
1688,street_music
1699,children_playing
1702,dog_bark
1705,air_conditioner
1706,engine_idling
1709,dog_bark
1713,dog_bark
1715,street_music
1719,siren
1720,dog_bark
1722,drilling
1725,drilling
1727,gun_shot
1729,dog_bark
1730,engine_idling
1731,street_music
1734,children_playing
1736,children_playing
1738,drilling
1739,engine_idling
1741,children_playing
1744,engine_idling
1746,siren
1748,street_music
1749,siren
1750,air_conditioner
1751,drilling
1754,car_horn
1755,car_horn
1761,drilling
1763,air_conditioner
1765,dog_bark
1767,drilling
1769,siren
1771,gun_shot
1773,air_conditioner
1774,gun_shot
1782,children_playing
1783,children_playing
1787,air_conditioner
1789,dog_bark
1791,street_music
1792,drilling
1795,street_music
1796,air_conditioner
1801,street_music
1802,jackhammer
1803,drilling
1805,dog_bark
1806,dog_bark
1808,engine_idling
1809,engine_idling
1812,jackhammer
1813,engine_idling
1817,dog_bark
1818,air_conditioner
1819,air_conditioner
1825,drilling
1826,drilling
1827,siren
1828,engine_idling
1829,children_playing
1830,gun_shot
1831,siren
1834,dog_bark
1837,siren
1839,drilling
1841,jackhammer
1842,children_playing
1843,dog_bark
1848,siren
1853,dog_bark
1854,drilling
1863,siren
1864,air_conditioner
1866,dog_bark
1867,jackhammer
1869,children_playing
1872,street_music
1873,jackhammer
1874,children_playing
1879,siren
1881,dog_bark
1883,dog_bark
1886,siren
1889,children_playing
1890,siren
1891,dog_bark
1892,children_playing
1893,street_music
1896,siren
1897,children_playing
1898,jackhammer
1899,siren
1901,street_music
1904,air_conditioner
1908,siren
1913,siren
1914,drilling
1917,street_music
1918,drilling
1921,siren
1925,car_horn
1927,air_conditioner
1929,air_conditioner
1933,siren
1936,siren
1938,car_horn
1940,children_playing
1946,dog_bark
1947,dog_bark
1948,children_playing
1950,dog_bark
1952,jackhammer
1957,car_horn
1960,dog_bark
1963,siren
1966,gun_shot
1967,engine_idling
1968,children_playing
1971,street_music
1973,gun_shot
1974,children_playing
1976,engine_idling
1980,air_conditioner
1982,siren
1986,car_horn
1987,drilling
1988,jackhammer
1992,engine_idling
1994,siren
1996,jackhammer
1997,air_conditioner
2001,dog_bark
2002,siren
2004,jackhammer
2008,jackhammer
2009,gun_shot
2010,siren
2016,drilling
2017,jackhammer
2019,siren
2020,street_music
2022,children_playing
2028,children_playing
2029,siren
2033,dog_bark
2036,jackhammer
2037,children_playing
2038,dog_bark
2040,engine_idling
2042,jackhammer
2043,engine_idling
2045,gun_shot
2048,engine_idling
2050,jackhammer
2054,drilling
2055,children_playing
2056,drilling
2057,car_horn
2063,air_conditioner
2064,siren
2067,air_conditioner
2070,jackhammer
2072,drilling
2077,dog_bark
2078,air_conditioner
2081,jackhammer
2082,siren
2083,siren
2087,engine_idling
2090,dog_bark
2091,drilling
2094,jackhammer
2095,street_music
2096,siren
2099,engine_idling
2102,street_music
2104,dog_bark
2105,dog_bark
2106,siren
2107,car_horn
2113,car_horn
2116,air_conditioner
2117,drilling
2122,gun_shot
2124,children_playing
2126,children_playing
2129,engine_idling
2133,air_conditioner
2134,siren
2135,children_playing
2138,engine_idling
2141,siren
2144,siren
2148,siren
2149,engine_idling
2152,street_music
2154,drilling
2156,street_music
2163,jackhammer
2171,drilling
2173,street_music
2174,street_music
2179,drilling
2185,drilling
2186,siren
2188,drilling
2190,drilling
2192,siren
2193,jackhammer
2194,car_horn
2195,air_conditioner
2197,street_music
2198,siren
2199,street_music
2200,air_conditioner
2201,dog_bark
2206,siren
2210,dog_bark
2212,siren
2216,siren
2224,siren
2225,drilling
2226,drilling
2229,drilling
2230,drilling
2233,gun_shot
2236,street_music
2237,engine_idling
2238,jackhammer
2240,siren
2246,drilling
2247,air_conditioner
2249,engine_idling
2250,car_horn
2251,siren
2252,car_horn
2256,siren
2258,children_playing
2259,car_horn
2260,air_conditioner
2262,children_playing
2264,engine_idling
2273,street_music
2275,children_playing
2277,dog_bark
2278,siren
2282,engine_idling
2290,street_music
2291,gun_shot
2299,siren
2300,street_music
2303,dog_bark
2304,gun_shot
2306,street_music
2307,children_playing
2308,air_conditioner
2309,engine_idling
2318,engine_idling
2319,children_playing
2323,air_conditioner
2327,children_playing
2329,children_playing
2330,drilling
2332,street_music
2338,dog_bark
2343,engine_idling
2344,engine_idling
2345,engine_idling
2347,engine_idling
2351,siren
2353,drilling
2354,children_playing
2360,children_playing
2363,siren
2364,jackhammer
2368,jackhammer
2369,air_conditioner
2371,engine_idling
2372,dog_bark
2378,air_conditioner
2380,car_horn
2382,drilling
2384,jackhammer
2386,siren
2388,drilling
2389,siren
2390,drilling
2394,children_playing
2398,dog_bark
2402,jackhammer
2403,air_conditioner
2405,drilling
2408,engine_idling
2411,children_playing
2415,children_playing
2419,dog_bark
2420,jackhammer
2421,children_playing
2424,siren
2425,air_conditioner
2428,street_music
2430,siren
2432,children_playing
2439,siren
2443,engine_idling
2445,gun_shot
2446,dog_bark
2447,drilling
2448,dog_bark
2450,car_horn
2452,jackhammer
2453,dog_bark
2454,engine_idling
2458,car_horn
2461,drilling
2462,engine_idling
2463,siren
2464,children_playing
2466,drilling
2468,siren
2473,siren
2474,street_music
2477,dog_bark
2478,dog_bark
2479,drilling
2484,engine_idling
2485,engine_idling
2487,siren
2488,street_music
2489,dog_bark
2493,dog_bark
2497,jackhammer
2498,jackhammer
2505,drilling
2509,siren
2512,street_music
2513,air_conditioner
2524,dog_bark
2529,street_music
2534,dog_bark
2536,dog_bark
2538,gun_shot
2539,children_playing
2541,siren
2542,engine_idling
2543,street_music
2544,car_horn
2548,car_horn
2549,street_music
2550,siren
2552,street_music
2555,children_playing
2557,gun_shot
2558,dog_bark
2564,engine_idling
2567,engine_idling
2568,siren
2571,street_music
2572,air_conditioner
2573,siren
2578,jackhammer
2580,children_playing
2581,jackhammer
2582,drilling
2584,children_playing
2585,jackhammer
2593,jackhammer
2595,dog_bark
2597,siren
2598,jackhammer
2601,siren
2603,dog_bark
2608,air_conditioner
2610,children_playing
2614,siren
2616,siren
2623,dog_bark
2624,jackhammer
2632,street_music
2636,children_playing
2637,drilling
2639,drilling
2640,siren
2641,car_horn
2644,jackhammer
2645,siren
2646,drilling
2647,car_horn
2650,drilling
2651,engine_idling
2652,drilling
2657,siren
2658,jackhammer
2659,siren
2664,siren
2666,siren
2668,engine_idling
2669,air_conditioner
2671,drilling
2676,air_conditioner
2677,children_playing
2678,dog_bark
2679,children_playing
2682,drilling
2684,siren
2686,car_horn
2687,siren
2689,engine_idling
2690,car_horn
2691,dog_bark
2695,engine_idling
2697,jackhammer
2699,children_playing
2700,gun_shot
2702,street_music
2706,children_playing
2707,street_music
2709,children_playing
2710,dog_bark
2711,air_conditioner
2714,jackhammer
2717,dog_bark
2721,car_horn
2722,dog_bark
2723,street_music
2728,drilling
2730,drilling
2733,engine_idling
2736,gun_shot
2739,siren
2741,engine_idling
2744,jackhammer
2750,jackhammer
2751,engine_idling
2752,gun_shot
2756,drilling
2765,jackhammer
2771,siren
2773,children_playing
2774,street_music
2776,street_music
2779,children_playing
2780,car_horn
2781,street_music
2783,dog_bark
2784,car_horn
2785,children_playing
2787,jackhammer
2788,siren
2789,siren
2790,jackhammer
2794,siren
2800,street_music
2801,air_conditioner
2802,air_conditioner
2808,children_playing
2813,engine_idling
2815,siren
2819,siren
2821,jackhammer
2825,jackhammer
2830,children_playing
2831,street_music
2832,air_conditioner
2835,siren
2837,gun_shot
2840,dog_bark
2842,drilling
2846,dog_bark
2850,dog_bark
2851,street_music
2854,siren
2857,jackhammer
2863,dog_bark
2864,engine_idling
2870,street_music
2871,engine_idling
2872,car_horn
2873,air_conditioner
2875,engine_idling
2884,siren
2887,siren
2889,siren
2890,gun_shot
2892,street_music
2898,street_music
2901,children_playing
2903,drilling
2907,air_conditioner
2909,drilling
2910,street_music
2912,engine_idling
2914,gun_shot
2917,gun_shot
2918,drilling
2920,street_music
2921,siren
2922,dog_bark
2924,siren
2925,drilling
2926,siren
2928,air_conditioner
2929,air_conditioner
2930,gun_shot
2931,dog_bark
2932,car_horn
2933,dog_bark
2935,dog_bark
2936,siren
2942,drilling
2943,jackhammer
2944,air_conditioner
2946,drilling
2950,gun_shot
2951,drilling
2956,children_playing
2957,air_conditioner
2963,dog_bark
2976,drilling
2984,air_conditioner
2986,air_conditioner
2987,engine_idling
2988,siren
2989,dog_bark
2991,drilling
2992,jackhammer
2993,drilling
2995,street_music
2996,drilling
2997,drilling
2998,gun_shot
3001,dog_bark
3004,street_music
3006,engine_idling
3012,gun_shot
3013,siren
3014,air_conditioner
3016,drilling
3018,air_conditioner
3021,drilling
3027,jackhammer
3030,children_playing
3032,children_playing
3033,car_horn
3034,siren
3037,drilling
3042,car_horn
3052,street_music
3054,dog_bark
3055,engine_idling
3056,gun_shot
3060,dog_bark
3062,children_playing
3066,jackhammer
3068,dog_bark
3070,drilling
3071,engine_idling
3074,siren
3075,street_music
3078,jackhammer
3081,street_music
3082,drilling
3085,street_music
3087,siren
3089,street_music
3091,jackhammer
3092,jackhammer
3094,dog_bark
3095,children_playing
3098,siren
3099,drilling
3103,car_horn
3104,drilling
3108,children_playing
3110,air_conditioner
3117,children_playing
3120,dog_bark
3121,dog_bark
3123,dog_bark
3125,siren
3126,children_playing
3127,street_music
3128,drilling
3130,street_music
3131,air_conditioner
3135,car_horn
3136,street_music
3138,siren
3140,siren
3143,street_music
3144,drilling
3146,siren
3147,dog_bark
3148,street_music
3151,air_conditioner
3152,gun_shot
3154,jackhammer
3155,air_conditioner
3156,siren
3157,street_music
3159,gun_shot
3160,drilling
3161,air_conditioner
3162,dog_bark
3163,children_playing
3164,jackhammer
3167,car_horn
3169,air_conditioner
3170,siren
3171,engine_idling
3177,children_playing
3178,siren
3180,jackhammer
3182,jackhammer
3185,street_music
3186,siren
3188,air_conditioner
3189,dog_bark
3191,siren
3192,dog_bark
3194,gun_shot
3196,gun_shot
3197,engine_idling
3200,dog_bark
3207,drilling
3209,children_playing
3211,drilling
3213,car_horn
3215,drilling
3216,drilling
3218,street_music
3220,drilling
3223,drilling
3225,drilling
3227,drilling
3229,car_horn
3230,gun_shot
3231,air_conditioner
3236,jackhammer
3237,dog_bark
3239,engine_idling
3240,engine_idling
3244,siren
3248,dog_bark
3250,siren
3254,jackhammer
3257,air_conditioner
3258,dog_bark
3262,gun_shot
3264,jackhammer
3266,children_playing
3268,street_music
3270,drilling
3271,jackhammer
3272,jackhammer
3275,car_horn
3276,engine_idling
3277,engine_idling
3279,jackhammer
3281,children_playing
3283,engine_idling
3286,jackhammer
3291,dog_bark
3296,jackhammer
3297,siren
3301,children_playing
3302,air_conditioner
3305,drilling
3306,street_music
3307,street_music
3308,jackhammer
3310,drilling
3316,jackhammer
3317,siren
3320,dog_bark
3321,children_playing
3323,gun_shot
3324,engine_idling
3325,dog_bark
3328,jackhammer
3330,drilling
3331,siren
3332,drilling
3333,jackhammer
3334,engine_idling
3336,drilling
3337,air_conditioner
3338,air_conditioner
3345,air_conditioner
3349,jackhammer
3350,car_horn
3352,car_horn
3353,jackhammer
3355,air_conditioner
3357,jackhammer
3360,drilling
3362,siren
3363,street_music
3365,jackhammer
3367,car_horn
3369,car_horn
3373,jackhammer
3375,drilling
3376,air_conditioner
3379,street_music
3383,gun_shot
3388,siren
3389,car_horn
3390,jackhammer
3392,children_playing
3394,street_music
3395,jackhammer
3398,dog_bark
3400,children_playing
3401,street_music
3404,gun_shot
3406,dog_bark
3407,dog_bark
3409,dog_bark
3415,dog_bark
3416,drilling
3417,drilling
3418,drilling
3422,street_music
3425,siren
3433,air_conditioner
3434,street_music
3435,dog_bark
3436,children_playing
3441,siren
3444,drilling
3445,gun_shot
3449,air_conditioner
3451,air_conditioner
3452,siren
3454,drilling
3455,air_conditioner
3459,drilling
3461,children_playing
3464,children_playing
3465,drilling
3467,drilling
3469,siren
3470,gun_shot
3471,jackhammer
3473,street_music
3482,dog_bark
3489,drilling
3491,engine_idling
3492,dog_bark
3493,street_music
3496,dog_bark
3499,siren
3503,jackhammer
3504,street_music
3507,dog_bark
3509,engine_idling
3516,drilling
3517,drilling
3518,jackhammer
3520,siren
3522,engine_idling
3525,air_conditioner
3526,jackhammer
3528,jackhammer
3531,dog_bark
3533,street_music
3537,jackhammer
3538,jackhammer
3539,air_conditioner
3540,drilling
3542,siren
3543,drilling
3545,gun_shot
3548,gun_shot
3549,gun_shot
3555,air_conditioner
3556,dog_bark
3560,dog_bark
3567,dog_bark
3569,air_conditioner
3579,engine_idling
3582,jackhammer
3584,siren
3585,siren
3587,air_conditioner
3588,siren
3590,drilling
3591,dog_bark
3597,engine_idling
3598,drilling
3599,engine_idling
3603,air_conditioner
3604,children_playing
3607,dog_bark
3608,air_conditioner
3609,drilling
3611,children_playing
3614,dog_bark
3619,air_conditioner
3621,children_playing
3622,air_conditioner
3624,dog_bark
3626,gun_shot
3628,jackhammer
3630,dog_bark
3632,air_conditioner
3637,engine_idling
3639,engine_idling
3644,street_music
3645,drilling
3646,engine_idling
3647,children_playing
3648,gun_shot
3652,gun_shot
3654,engine_idling
3656,siren
3658,engine_idling
3659,engine_idling
3661,street_music
3662,engine_idling
3664,air_conditioner
3668,car_horn
3669,engine_idling
3670,engine_idling
3671,air_conditioner
3672,jackhammer
3676,car_horn
3681,jackhammer
3682,siren
3683,drilling
3685,siren
3686,engine_idling
3688,children_playing
3689,street_music
3691,drilling
3696,siren
3698,dog_bark
3700,engine_idling
3702,drilling
3703,street_music
3706,engine_idling
3717,siren
3718,drilling
3719,engine_idling
3721,siren
3726,dog_bark
3731,children_playing
3732,air_conditioner
3734,children_playing
3735,car_horn
3738,jackhammer
3739,engine_idling
3745,siren
3747,engine_idling
3749,street_music
3752,siren
3756,siren
3758,car_horn
3760,dog_bark
3762,jackhammer
3763,drilling
3764,children_playing
3765,air_conditioner
3766,street_music
3771,siren
3772,engine_idling
3778,siren
3783,street_music
3784,car_horn
3785,air_conditioner
3788,air_conditioner
3790,drilling
3791,jackhammer
3792,street_music
3805,jackhammer
3806,car_horn
3808,dog_bark
3811,jackhammer
3813,siren
3819,drilling
3821,children_playing
3823,jackhammer
3828,children_playing
3833,children_playing
3838,air_conditioner
3842,car_horn
3847,engine_idling
3851,children_playing
3853,car_horn
3860,dog_bark
3863,jackhammer
3864,air_conditioner
3869,siren
3870,dog_bark
3871,siren
3879,siren
3880,car_horn
3881,jackhammer
3882,car_horn
3883,children_playing
3885,dog_bark
3886,street_music
3887,gun_shot
3889,street_music
3890,engine_idling
3893,children_playing
3894,siren
3902,dog_bark
3903,air_conditioner
3905,dog_bark
3906,siren
3910,air_conditioner
3911,siren
3914,engine_idling
3915,children_playing
3921,air_conditioner
3924,dog_bark
3927,street_music
3929,jackhammer
3930,drilling
3932,jackhammer
3933,gun_shot
3934,siren
3938,car_horn
3939,drilling
3941,engine_idling
3943,street_music
3945,siren
3947,street_music
3948,car_horn
3951,engine_idling
3955,dog_bark
3956,siren
3962,drilling
3965,car_horn
3966,children_playing
3967,engine_idling
3968,air_conditioner
3969,siren
3970,street_music
3973,jackhammer
3975,siren
3981,street_music
3982,drilling
3983,siren
3984,drilling
3985,engine_idling
3987,siren
3992,air_conditioner
3994,children_playing
3997,street_music
3998,drilling
4000,children_playing
4002,siren
4004,engine_idling
4010,drilling
4011,dog_bark
4012,engine_idling
4014,children_playing
4021,air_conditioner
4022,air_conditioner
4024,siren
4027,siren
4028,dog_bark
4029,children_playing
4038,jackhammer
4041,car_horn
4045,drilling
4046,engine_idling
4049,dog_bark
4050,street_music
4055,dog_bark
4057,car_horn
4058,siren
4064,children_playing
4067,air_conditioner
4069,air_conditioner
4070,engine_idling
4073,drilling
4075,dog_bark
4076,street_music
4078,street_music
4080,gun_shot
4081,air_conditioner
4083,children_playing
4084,car_horn
4087,dog_bark
4091,street_music
4095,siren
4096,drilling
4100,siren
4101,gun_shot
4103,siren
4110,siren
4111,dog_bark
4117,air_conditioner
4118,car_horn
4119,car_horn
4122,children_playing
4123,siren
4126,siren
4128,dog_bark
4130,children_playing
4131,air_conditioner
4134,drilling
4135,dog_bark
4137,siren
4139,jackhammer
4140,children_playing
4146,drilling
4155,drilling
4158,air_conditioner
4159,air_conditioner
4161,dog_bark
4166,air_conditioner
4168,jackhammer
4174,street_music
4175,siren
4178,children_playing
4179,car_horn
4182,siren
4183,air_conditioner
4184,street_music
4189,gun_shot
4191,siren
4193,car_horn
4197,jackhammer
4198,dog_bark
4199,engine_idling
4200,children_playing
4201,street_music
4203,engine_idling
4204,dog_bark
4206,children_playing
4210,children_playing
4216,drilling
4217,drilling
4220,siren
4224,drilling
4226,dog_bark
4231,street_music
4232,siren
4236,drilling
4239,engine_idling
4241,air_conditioner
4244,drilling
4247,street_music
4248,engine_idling
4253,jackhammer
4255,street_music
4256,air_conditioner
4257,air_conditioner
4262,street_music
4263,dog_bark
4265,dog_bark
4277,dog_bark
4278,children_playing
4279,drilling
4281,siren
4286,children_playing
4287,drilling
4288,drilling
4290,children_playing
4297,street_music
4299,children_playing
4301,air_conditioner
4307,engine_idling
4313,street_music
4314,engine_idling
4317,children_playing
4319,jackhammer
4323,siren
4324,dog_bark
4326,air_conditioner
4327,street_music
4328,street_music
4331,drilling
4333,dog_bark
4337,children_playing
4338,jackhammer
4346,drilling
4349,gun_shot
4350,jackhammer
4351,siren
4352,engine_idling
4353,air_conditioner
4356,engine_idling
4359,drilling
4362,children_playing
4363,air_conditioner
4364,car_horn
4365,jackhammer
4366,children_playing
4367,engine_idling
4369,car_horn
4372,jackhammer
4375,dog_bark
4378,air_conditioner
4382,street_music
4384,siren
4386,siren
4389,jackhammer
4390,jackhammer
4396,siren
4397,gun_shot
4401,air_conditioner
4408,gun_shot
4411,engine_idling
4413,dog_bark
4415,siren
4416,car_horn
4417,car_horn
4418,drilling
4420,engine_idling
4422,jackhammer
4424,street_music
4426,gun_shot
4427,street_music
4429,car_horn
4430,street_music
4432,siren
4433,siren
4437,gun_shot
4439,engine_idling
4440,car_horn
4444,jackhammer
4446,street_music
4449,air_conditioner
4451,siren
4453,dog_bark
4454,children_playing
4456,air_conditioner
4458,jackhammer
4459,car_horn
4461,engine_idling
4462,jackhammer
4472,siren
4473,siren
4475,siren
4476,siren
4480,siren
4481,car_horn
4482,street_music
4483,car_horn
4485,jackhammer
4486,street_music
4487,siren
4491,jackhammer
4493,siren
4498,air_conditioner
4502,children_playing
4504,children_playing
4506,jackhammer
4510,engine_idling
4511,jackhammer
4513,gun_shot
4514,jackhammer
4521,drilling
4522,dog_bark
4529,air_conditioner
4532,siren
4534,engine_idling
4536,street_music
4542,drilling
4545,children_playing
4547,air_conditioner
4554,siren
4557,jackhammer
4559,siren
4561,dog_bark
4562,engine_idling
4563,drilling
4566,children_playing
4568,dog_bark
4569,dog_bark
4570,drilling
4571,drilling
4573,air_conditioner
4578,siren
4583,dog_bark
4584,air_conditioner
4585,air_conditioner
4592,drilling
4595,dog_bark
4598,drilling
4599,street_music
4601,siren
4604,car_horn
4609,children_playing
4610,air_conditioner
4611,dog_bark
4616,dog_bark
4617,jackhammer
4618,engine_idling
4619,drilling
4622,dog_bark
4625,car_horn
4629,engine_idling
4630,dog_bark
4632,dog_bark
4633,air_conditioner
4635,air_conditioner
4636,engine_idling
4640,children_playing
4641,car_horn
4643,siren
4645,dog_bark
4648,street_music
4650,children_playing
4651,dog_bark
4652,siren
4653,siren
4655,dog_bark
4658,engine_idling
4659,engine_idling
4661,street_music
4663,dog_bark
4665,car_horn
4666,engine_idling
4667,jackhammer
4668,air_conditioner
4669,street_music
4672,street_music
4676,children_playing
4680,drilling
4682,jackhammer
4684,siren
4685,jackhammer
4688,engine_idling
4690,dog_bark
4692,engine_idling
4693,drilling
4697,jackhammer
4702,drilling
4703,car_horn
4704,dog_bark
4705,jackhammer
4707,siren
4708,dog_bark
4715,dog_bark
4716,gun_shot
4718,engine_idling
4721,car_horn
4724,street_music
4725,engine_idling
4726,drilling
4728,air_conditioner
4729,jackhammer
4732,siren
4733,air_conditioner
4735,siren
4736,drilling
4737,children_playing
4739,jackhammer
4742,car_horn
4743,air_conditioner
4746,jackhammer
4747,drilling
4748,children_playing
4749,air_conditioner
4750,car_horn
4752,drilling
4753,street_music
4754,air_conditioner
4758,street_music
4759,engine_idling
4763,car_horn
4767,drilling
4770,air_conditioner
4778,air_conditioner
4781,engine_idling
4784,air_conditioner
4788,children_playing
4790,street_music
4791,engine_idling
4792,children_playing
4793,drilling
4794,air_conditioner
4795,children_playing
4796,dog_bark
4799,siren
4800,air_conditioner
4803,children_playing
4804,dog_bark
4806,air_conditioner
4810,engine_idling
4820,drilling
4821,air_conditioner
4822,drilling
4823,drilling
4824,jackhammer
4827,street_music
4828,drilling
4829,jackhammer
4830,gun_shot
4833,drilling
4834,drilling
4836,children_playing
4837,siren
4846,air_conditioner
4847,car_horn
4851,air_conditioner
4854,engine_idling
4857,siren
4861,siren
4863,dog_bark
4864,drilling
4870,dog_bark
4877,engine_idling
4880,dog_bark
4881,jackhammer
4883,car_horn
4886,dog_bark
4889,drilling
4890,jackhammer
4900,drilling
4902,street_music
4903,dog_bark
4905,children_playing
4906,drilling
4907,children_playing
4909,air_conditioner
4911,drilling
4912,siren
4913,street_music
4914,street_music
4918,siren
4920,drilling
4921,dog_bark
4923,gun_shot
4925,street_music
4927,car_horn
4928,air_conditioner
4931,air_conditioner
4934,car_horn
4938,air_conditioner
4940,jackhammer
4942,children_playing
4943,gun_shot
4947,children_playing
4950,dog_bark
4952,drilling
4959,drilling
4960,children_playing
4961,street_music
4962,street_music
4965,drilling
4970,air_conditioner
4972,air_conditioner
4973,drilling
4984,air_conditioner
4986,car_horn
4988,air_conditioner
4989,engine_idling
4990,dog_bark
4992,children_playing
4993,car_horn
4994,gun_shot
4996,children_playing
5001,drilling
5002,dog_bark
5004,siren
5005,siren
5010,siren
5011,engine_idling
5013,dog_bark
5021,street_music
5028,dog_bark
5029,children_playing
5031,siren
5033,jackhammer
5034,drilling
5037,dog_bark
5038,jackhammer
5040,engine_idling
5042,street_music
5043,dog_bark
5044,car_horn
5046,children_playing
5049,engine_idling
5052,children_playing
5055,children_playing
5058,children_playing
5063,siren
5064,drilling
5065,dog_bark
5067,siren
5069,siren
5071,car_horn
5072,air_conditioner
5073,street_music
5074,engine_idling
5075,dog_bark
5077,jackhammer
5082,jackhammer
5085,children_playing
5089,children_playing
5092,drilling
5094,siren
5095,siren
5096,drilling
5099,siren
5100,air_conditioner
5103,engine_idling
5109,street_music
5110,jackhammer
5112,drilling
5114,children_playing
5117,street_music
5119,drilling
5121,children_playing
5122,children_playing
5125,street_music
5127,children_playing
5128,dog_bark
5129,engine_idling
5130,air_conditioner
5132,car_horn
5133,siren
5135,drilling
5138,children_playing
5140,dog_bark
5141,engine_idling
5142,siren
5147,dog_bark
5149,street_music
5157,children_playing
5165,engine_idling
5172,gun_shot
5173,air_conditioner
5177,engine_idling
5181,dog_bark
5183,jackhammer
5186,street_music
5188,jackhammer
5191,children_playing
5198,drilling
5205,jackhammer
5206,dog_bark
5209,street_music
5210,drilling
5211,engine_idling
5214,siren
5218,siren
5219,car_horn
5221,drilling
5225,dog_bark
5226,jackhammer
5228,drilling
5233,jackhammer
5236,car_horn
5237,street_music
5239,jackhammer
5241,dog_bark
5244,engine_idling
5246,street_music
5251,street_music
5253,drilling
5257,engine_idling
5262,engine_idling
5265,siren
5270,drilling
5271,gun_shot
5272,drilling
5277,jackhammer
5278,jackhammer
5281,drilling
5283,engine_idling
5284,siren
5290,engine_idling
5291,car_horn
5292,air_conditioner
5297,dog_bark
5299,car_horn
5308,engine_idling
5309,children_playing
5310,dog_bark
5312,car_horn
5314,siren
5319,street_music
5320,street_music
5321,siren
5322,gun_shot
5324,children_playing
5326,dog_bark
5328,dog_bark
5329,dog_bark
5336,engine_idling
5338,jackhammer
5340,street_music
5343,car_horn
5344,air_conditioner
5345,drilling
5347,air_conditioner
5350,jackhammer
5351,air_conditioner
5352,siren
5353,gun_shot
5356,jackhammer
5357,drilling
5360,dog_bark
5361,dog_bark
5370,drilling
5371,car_horn
5373,car_horn
5376,dog_bark
5378,gun_shot
5382,drilling
5384,engine_idling
5385,dog_bark
5389,engine_idling
5395,siren
5400,car_horn
5405,gun_shot
5407,children_playing
5409,gun_shot
5411,street_music
5412,jackhammer
5414,dog_bark
5416,engine_idling
5417,drilling
5418,street_music
5423,drilling
5426,car_horn
5427,siren
5429,street_music
5432,air_conditioner
5433,drilling
5435,street_music
5437,engine_idling
5441,jackhammer
5444,siren
5445,siren
5447,air_conditioner
5448,car_horn
5456,siren
5459,air_conditioner
5460,car_horn
5461,siren
5472,air_conditioner
5473,air_conditioner
5476,street_music
5477,siren
5480,siren
5481,dog_bark
5483,street_music
5486,air_conditioner
5487,children_playing
5488,children_playing
5489,siren
5492,drilling
5494,jackhammer
5495,siren
5503,engine_idling
5505,siren
5509,street_music
5514,dog_bark
5515,car_horn
5518,engine_idling
5521,street_music
5522,engine_idling
5534,children_playing
5540,engine_idling
5545,children_playing
5546,dog_bark
5547,siren
5553,gun_shot
5554,siren
5556,children_playing
5558,siren
5561,jackhammer
5562,children_playing
5566,children_playing
5571,air_conditioner
5572,engine_idling
5574,car_horn
5577,dog_bark
5583,jackhammer
5585,gun_shot
5586,jackhammer
5587,car_horn
5588,dog_bark
5589,car_horn
5594,siren
5597,jackhammer
5598,siren
5599,children_playing
5600,drilling
5601,engine_idling
5607,engine_idling
5611,street_music
5612,jackhammer
5613,siren
5614,drilling
5615,gun_shot
5616,air_conditioner
5619,air_conditioner
5623,drilling
5624,children_playing
5625,engine_idling
5626,children_playing
5631,engine_idling
5635,jackhammer
5637,siren
5638,siren
5640,jackhammer
5641,gun_shot
5642,street_music
5644,dog_bark
5645,dog_bark
5649,gun_shot
5652,street_music
5653,drilling
5658,siren
5659,engine_idling
5660,dog_bark
5661,children_playing
5662,drilling
5663,siren
5668,air_conditioner
5670,gun_shot
5671,jackhammer
5673,air_conditioner
5676,street_music
5681,children_playing
5682,engine_idling
5683,dog_bark
5684,street_music
5687,car_horn
5689,street_music
5690,dog_bark
5692,jackhammer
5695,drilling
5697,siren
5704,street_music
5705,drilling
5706,street_music
5707,jackhammer
5709,siren
5710,dog_bark
5711,jackhammer
5713,car_horn
5714,children_playing
5715,drilling
5716,jackhammer
5721,dog_bark
5722,jackhammer
5723,drilling
5725,drilling
5726,engine_idling
5730,air_conditioner
5731,engine_idling
5734,children_playing
5735,children_playing
5739,car_horn
5740,jackhammer
5741,children_playing
5742,engine_idling
5744,siren
5745,dog_bark
5750,street_music
5760,air_conditioner
5761,street_music
5764,jackhammer
5765,car_horn
5767,street_music
5768,jackhammer
5769,drilling
5770,jackhammer
5773,jackhammer
5774,engine_idling
5778,street_music
5780,dog_bark
5783,car_horn
5784,engine_idling
5786,children_playing
5788,drilling
5790,air_conditioner
5791,engine_idling
5800,jackhammer
5802,siren
5806,jackhammer
5815,car_horn
5817,gun_shot
5818,dog_bark
5820,drilling
5822,drilling
5824,siren
5825,children_playing
5826,siren
5827,jackhammer
5829,jackhammer
5832,engine_idling
5833,car_horn
5835,air_conditioner
5837,children_playing
5842,car_horn
5844,children_playing
5848,street_music
5851,gun_shot
5852,engine_idling
5854,dog_bark
5858,children_playing
5862,dog_bark
5863,children_playing
5865,car_horn
5867,engine_idling
5869,jackhammer
5870,jackhammer
5871,street_music
5876,air_conditioner
5879,engine_idling
5886,jackhammer
5889,engine_idling
5892,siren
5901,air_conditioner
5904,air_conditioner
5907,dog_bark
5908,siren
5909,siren
5912,dog_bark
5914,dog_bark
5915,drilling
5917,children_playing
5921,engine_idling
5922,children_playing
5925,street_music
5927,dog_bark
5928,jackhammer
5932,street_music
5934,engine_idling
5936,siren
5940,street_music
5941,engine_idling
5942,children_playing
5943,dog_bark
5944,dog_bark
5948,dog_bark
5949,car_horn
5950,engine_idling
5951,jackhammer
5952,dog_bark
5953,drilling
5957,jackhammer
5964,drilling
5966,siren
5976,jackhammer
5977,street_music
5982,jackhammer
5983,dog_bark
5984,children_playing
5985,drilling
5989,dog_bark
5990,drilling
5992,dog_bark
5994,jackhammer
5995,gun_shot
5996,dog_bark
5997,children_playing
5999,drilling
6001,street_music
6002,jackhammer
6003,dog_bark
6004,siren
6005,engine_idling
6007,jackhammer
6010,air_conditioner
6012,gun_shot
6013,street_music
6014,drilling
6016,siren
6019,engine_idling
6022,jackhammer
6023,siren
6025,street_music
6026,gun_shot
6029,jackhammer
6030,air_conditioner
6031,siren
6034,jackhammer
6040,dog_bark
6041,jackhammer
6046,car_horn
6047,jackhammer
6050,air_conditioner
6053,jackhammer
6055,engine_idling
6056,jackhammer
6059,dog_bark
6061,street_music
6063,drilling
6066,air_conditioner
6068,street_music
6070,gun_shot
6074,drilling
6077,siren
6079,air_conditioner
6080,air_conditioner
6082,car_horn
6085,engine_idling
6086,siren
6087,dog_bark
6089,siren
6091,dog_bark
6092,drilling
6094,street_music
6095,engine_idling
6096,children_playing
6098,dog_bark
6100,engine_idling
6103,siren
6104,siren
6115,drilling
6116,children_playing
6117,jackhammer
6118,jackhammer
6120,dog_bark
6129,children_playing
6130,siren
6132,drilling
6133,air_conditioner
6134,engine_idling
6136,children_playing
6138,drilling
6139,dog_bark
6140,dog_bark
6141,gun_shot
6145,siren
6149,siren
6153,car_horn
6156,siren
6159,jackhammer
6160,street_music
6161,dog_bark
6162,siren
6163,car_horn
6170,children_playing
6171,gun_shot
6172,car_horn
6174,drilling
6177,drilling
6179,engine_idling
6180,jackhammer
6183,children_playing
6187,engine_idling
6194,jackhammer
6196,drilling
6197,engine_idling
6198,siren
6204,dog_bark
6205,engine_idling
6206,gun_shot
6210,drilling
6212,dog_bark
6213,siren
6215,children_playing
6224,siren
6229,air_conditioner
6230,engine_idling
6234,air_conditioner
6235,car_horn
6241,children_playing
6243,jackhammer
6244,dog_bark
6245,drilling
6247,dog_bark
6255,car_horn
6256,car_horn
6260,children_playing
6265,air_conditioner
6266,street_music
6268,dog_bark
6271,drilling
6272,engine_idling
6274,children_playing
6278,dog_bark
6279,engine_idling
6282,jackhammer
6284,street_music
6286,gun_shot
6287,street_music
6290,drilling
6291,engine_idling
6292,children_playing
6293,engine_idling
6294,drilling
6297,siren
6298,children_playing
6305,air_conditioner
6308,jackhammer
6311,jackhammer
6314,children_playing
6317,siren
6318,siren
6322,gun_shot
6323,engine_idling
6324,air_conditioner
6326,children_playing
6328,children_playing
6329,engine_idling
6331,engine_idling
6332,jackhammer
6336,air_conditioner
6341,siren
6343,siren
6346,air_conditioner
6347,engine_idling
6348,children_playing
6351,jackhammer
6354,engine_idling
6355,children_playing
6358,street_music
6359,siren
6364,engine_idling
6367,street_music
6370,street_music
6371,engine_idling
6372,jackhammer
6374,drilling
6375,engine_idling
6377,air_conditioner
6379,drilling
6381,siren
6387,street_music
6389,siren
6393,dog_bark
6394,siren
6402,gun_shot
6403,air_conditioner
6404,drilling
6408,engine_idling
6411,drilling
6412,car_horn
6413,air_conditioner
6416,air_conditioner
6418,drilling
6420,dog_bark
6423,children_playing
6424,air_conditioner
6427,air_conditioner
6431,street_music
6432,drilling
6434,air_conditioner
6435,street_music
6436,air_conditioner
6437,drilling
6440,air_conditioner
6441,air_conditioner
6442,jackhammer
6443,car_horn
6448,engine_idling
6449,siren
6451,air_conditioner
6452,dog_bark
6453,siren
6454,street_music
6456,car_horn
6457,jackhammer
6460,street_music
6461,air_conditioner
6462,street_music
6464,drilling
6468,jackhammer
6469,jackhammer
6477,jackhammer
6478,children_playing
6480,children_playing
6483,jackhammer
6484,siren
6486,air_conditioner
6487,street_music
6490,siren
6496,siren
6497,car_horn
6500,engine_idling
6502,air_conditioner
6506,children_playing
6507,children_playing
6508,siren
6509,children_playing
6510,children_playing
6511,car_horn
6516,siren
6518,air_conditioner
6520,siren
6522,air_conditioner
6523,engine_idling
6524,children_playing
6527,jackhammer
6528,street_music
6531,air_conditioner
6534,children_playing
6535,children_playing
6536,dog_bark
6542,drilling
6544,car_horn
6548,siren
6549,street_music
6550,air_conditioner
6551,jackhammer
6552,car_horn
6555,engine_idling
6556,engine_idling
6559,children_playing
6560,engine_idling
6562,jackhammer
6563,jackhammer
6565,street_music
6568,engine_idling
6570,engine_idling
6573,street_music
6574,children_playing
6575,air_conditioner
6583,air_conditioner
6589,dog_bark
6596,children_playing
6599,street_music
6600,drilling
6603,gun_shot
6604,car_horn
6606,jackhammer
6607,drilling
6609,air_conditioner
6610,drilling
6614,air_conditioner
6616,jackhammer
6618,air_conditioner
6619,children_playing
6628,siren
6629,jackhammer
6630,dog_bark
6633,siren
6635,air_conditioner
6638,children_playing
6641,engine_idling
6642,drilling
6643,siren
6644,siren
6647,siren
6648,jackhammer
6651,street_music
6652,air_conditioner
6653,dog_bark
6655,siren
6659,jackhammer
6660,jackhammer
6661,siren
6665,dog_bark
6676,street_music
6679,children_playing
6681,air_conditioner
6683,children_playing
6689,drilling
6691,car_horn
6692,drilling
6693,drilling
6694,car_horn
6696,gun_shot
6703,drilling
6708,street_music
6712,gun_shot
6714,engine_idling
6715,jackhammer
6716,jackhammer
6717,children_playing
6719,children_playing
6721,air_conditioner
6722,dog_bark
6723,street_music
6724,drilling
6725,children_playing
6729,drilling
6730,drilling
6732,children_playing
6735,dog_bark
6736,car_horn
6737,street_music
6738,children_playing
6739,children_playing
6741,jackhammer
6742,dog_bark
6747,engine_idling
6748,street_music
6750,children_playing
6752,engine_idling
6753,gun_shot
6754,children_playing
6757,drilling
6759,engine_idling
6765,drilling
6767,siren
6769,dog_bark
6770,jackhammer
6771,engine_idling
6772,dog_bark
6774,children_playing
6777,children_playing
6781,dog_bark
6782,street_music
6783,street_music
6786,dog_bark
6800,dog_bark
6802,jackhammer
6804,siren
6810,children_playing
6811,siren
6812,siren
6813,street_music
6816,engine_idling
6817,siren
6818,car_horn
6819,children_playing
6821,street_music
6822,gun_shot
6823,siren
6826,gun_shot
6829,car_horn
6831,street_music
6832,air_conditioner
6836,air_conditioner
6837,siren
6839,dog_bark
6844,street_music
6846,air_conditioner
6847,jackhammer
6851,jackhammer
6852,street_music
6853,jackhammer
6855,street_music
6856,siren
6857,engine_idling
6860,car_horn
6864,jackhammer
6865,engine_idling
6866,dog_bark
6869,street_music
6871,children_playing
6872,gun_shot
6875,siren
6878,street_music
6879,street_music
6880,siren
6881,air_conditioner
6882,drilling
6883,siren
6888,car_horn
6889,children_playing
6892,air_conditioner
6896,drilling
6900,drilling
6901,drilling
6902,drilling
6903,siren
6906,street_music
6907,children_playing
6908,dog_bark
6909,dog_bark
6910,children_playing
6912,street_music
6914,engine_idling
6920,children_playing
6923,dog_bark
6925,dog_bark
6926,children_playing
6928,gun_shot
6929,air_conditioner
6931,siren
6932,gun_shot
6934,drilling
6943,street_music
6945,siren
6946,air_conditioner
6948,drilling
6949,dog_bark
6954,dog_bark
6955,car_horn
6958,street_music
6961,air_conditioner
6963,dog_bark
6965,car_horn
6966,siren
6969,dog_bark
6970,drilling
6974,children_playing
6975,air_conditioner
6976,air_conditioner
6977,engine_idling
6979,jackhammer
6981,dog_bark
6984,dog_bark
6985,drilling
6986,children_playing
6991,siren
6992,jackhammer
6993,street_music
6998,street_music
7000,street_music
7001,siren
7004,air_conditioner
7005,drilling
7006,drilling
7007,engine_idling
7008,siren
7012,drilling
7013,air_conditioner
7014,air_conditioner
7015,car_horn
7016,siren
7017,children_playing
7018,drilling
7019,street_music
7025,engine_idling
7026,air_conditioner
7028,children_playing
7030,street_music
7031,engine_idling
7035,air_conditioner
7036,drilling
7041,drilling
7042,children_playing
7052,car_horn
7053,siren
7054,siren
7057,dog_bark
7060,air_conditioner
7061,drilling
7064,dog_bark
7065,dog_bark
7066,children_playing
7069,air_conditioner
7070,dog_bark
7072,children_playing
7073,jackhammer
7074,jackhammer
7076,children_playing
7077,street_music
7083,gun_shot
7085,car_horn
7087,engine_idling
7088,drilling
7094,air_conditioner
7096,street_music
7105,street_music
7108,gun_shot
7109,children_playing
7111,air_conditioner
7113,engine_idling
7114,car_horn
7115,engine_idling
7118,street_music
7121,children_playing
7126,car_horn
7129,drilling
7131,air_conditioner
7133,engine_idling
7136,gun_shot
7137,siren
7140,drilling
7141,air_conditioner
7143,jackhammer
7145,street_music
7148,siren
7149,children_playing
7151,car_horn
7153,street_music
7154,jackhammer
7157,air_conditioner
7159,jackhammer
7161,jackhammer
7163,siren
7169,jackhammer
7171,street_music
7174,street_music
7175,gun_shot
7176,air_conditioner
7177,street_music
7179,jackhammer
7185,children_playing
7187,drilling
7190,engine_idling
7195,children_playing
7196,jackhammer
7197,street_music
7201,car_horn
7202,car_horn
7204,air_conditioner
7205,jackhammer
7206,engine_idling
7212,drilling
7215,jackhammer
7216,jackhammer
7217,siren
7221,engine_idling
7222,engine_idling
7223,jackhammer
7224,drilling
7226,air_conditioner
7227,dog_bark
7228,siren
7231,jackhammer
7232,dog_bark
7240,air_conditioner
7241,drilling
7242,children_playing
7245,drilling
7247,dog_bark
7249,dog_bark
7250,dog_bark
7251,dog_bark
7252,car_horn
7253,dog_bark
7256,siren
7257,car_horn
7258,street_music
7259,air_conditioner
7260,car_horn
7262,engine_idling
7263,engine_idling
7265,dog_bark
7272,car_horn
7274,air_conditioner
7275,children_playing
7278,street_music
7279,drilling
7280,air_conditioner
7285,dog_bark
7287,gun_shot
7298,air_conditioner
7302,jackhammer
7305,air_conditioner
7311,street_music
7313,children_playing
7315,siren
7316,jackhammer
7319,siren
7322,car_horn
7323,drilling
7326,jackhammer
7328,siren
7329,drilling
7330,drilling
7331,engine_idling
7332,air_conditioner
7333,children_playing
7336,engine_idling
7337,dog_bark
7340,gun_shot
7343,engine_idling
7345,dog_bark
7346,drilling
7347,gun_shot
7349,jackhammer
7352,jackhammer
7354,car_horn
7358,drilling
7359,engine_idling
7362,street_music
7364,drilling
7366,street_music
7370,air_conditioner
7374,drilling
7375,engine_idling
7378,drilling
7379,jackhammer
7380,dog_bark
7382,dog_bark
7383,children_playing
7384,dog_bark
7386,children_playing
7387,air_conditioner
7388,street_music
7389,jackhammer
7392,jackhammer
7398,street_music
7399,car_horn
7400,jackhammer
7401,drilling
7403,engine_idling
7404,drilling
7405,drilling
7409,drilling
7410,dog_bark
7412,dog_bark
7417,siren
7418,siren
7419,drilling
7424,car_horn
7429,car_horn
7430,engine_idling
7432,street_music
7436,street_music
7437,jackhammer
7439,siren
7443,street_music
7446,jackhammer
7447,car_horn
7448,siren
7450,dog_bark
7451,dog_bark
7452,engine_idling
7456,gun_shot
7459,children_playing
7460,air_conditioner
7462,jackhammer
7465,siren
7468,street_music
7471,dog_bark
7472,siren
7475,children_playing
7476,street_music
7478,drilling
7493,air_conditioner
7497,street_music
7499,children_playing
7503,jackhammer
7505,drilling
7510,air_conditioner
7518,car_horn
7519,street_music
7520,dog_bark
7521,drilling
7522,dog_bark
7524,siren
7528,car_horn
7529,siren
7530,drilling
7531,engine_idling
7539,car_horn
7541,engine_idling
7542,drilling
7543,street_music
7547,drilling
7548,dog_bark
7550,drilling
7552,air_conditioner
7553,jackhammer
7556,jackhammer
7558,drilling
7563,street_music
7565,car_horn
7566,dog_bark
7567,dog_bark
7569,jackhammer
7570,air_conditioner
7573,dog_bark
7574,drilling
7578,street_music
7579,dog_bark
7582,jackhammer
7585,gun_shot
7586,street_music
7592,dog_bark
7593,jackhammer
7595,jackhammer
7596,street_music
7598,children_playing
7600,jackhammer
7601,air_conditioner
7602,drilling
7604,engine_idling
7607,jackhammer
7609,jackhammer
7611,drilling
7613,engine_idling
7614,car_horn
7617,street_music
7619,siren
7620,children_playing
7622,engine_idling
7623,street_music
7625,dog_bark
7626,drilling
7629,jackhammer
7631,children_playing
7633,engine_idling
7634,children_playing
7638,air_conditioner
7639,drilling
7641,street_music
7642,dog_bark
7644,children_playing
7645,street_music
7646,jackhammer
7648,engine_idling
7651,siren
7657,dog_bark
7672,siren
7673,car_horn
7674,drilling
7675,car_horn
7677,dog_bark
7679,drilling
7681,siren
7682,drilling
7683,drilling
7687,engine_idling
7694,engine_idling
7697,engine_idling
7699,car_horn
7700,drilling
7705,air_conditioner
7710,air_conditioner
7711,siren
7712,gun_shot
7718,car_horn
7720,dog_bark
7721,drilling
7724,drilling
7725,siren
7726,siren
7727,street_music
7730,drilling
7739,dog_bark
7740,street_music
7745,drilling
7747,car_horn
7748,street_music
7750,engine_idling
7751,jackhammer
7754,jackhammer
7759,engine_idling
7761,air_conditioner
7762,jackhammer
7765,siren
7766,gun_shot
7769,street_music
7770,jackhammer
7775,siren
7777,dog_bark
7779,children_playing
7780,car_horn
7783,engine_idling
7784,children_playing
7785,dog_bark
7787,street_music
7791,drilling
7795,street_music
7796,drilling
7800,siren
7802,children_playing
7804,drilling
7807,dog_bark
7814,engine_idling
7817,engine_idling
7818,drilling
7819,children_playing
7821,siren
7824,children_playing
7826,car_horn
7829,siren
7833,street_music
7835,street_music
7836,engine_idling
7837,dog_bark
7838,siren
7843,siren
7844,siren
7845,street_music
7850,car_horn
7853,jackhammer
7854,siren
7856,drilling
7862,siren
7867,dog_bark
7868,car_horn
7870,car_horn
7871,gun_shot
7872,gun_shot
7873,drilling
7874,siren
7879,dog_bark
7880,car_horn
7881,street_music
7882,drilling
7883,drilling
7890,dog_bark
7892,jackhammer
7893,drilling
7897,children_playing
7898,car_horn
7899,street_music
7900,jackhammer
7901,drilling
7904,car_horn
7908,gun_shot
7910,drilling
7911,dog_bark
7914,engine_idling
7916,street_music
7918,air_conditioner
7919,jackhammer
7920,car_horn
7922,engine_idling
7927,dog_bark
7928,engine_idling
7931,siren
7932,jackhammer
7933,children_playing
7935,gun_shot
7938,car_horn
7941,children_playing
7943,drilling
7944,dog_bark
7951,children_playing
7952,dog_bark
7956,drilling
7959,engine_idling
7961,siren
7963,car_horn
7964,drilling
7965,dog_bark
7966,dog_bark
7970,dog_bark
7975,siren
7977,drilling
7978,siren
7979,street_music
7980,siren
7981,dog_bark
7988,siren
7989,car_horn
7990,jackhammer
7992,street_music
7993,drilling
7994,children_playing
7995,engine_idling
7996,siren
7997,dog_bark
7998,dog_bark
8004,dog_bark
8008,gun_shot
8012,drilling
8013,children_playing
8016,jackhammer
8021,engine_idling
8022,air_conditioner
8024,drilling
8025,children_playing
8028,drilling
8029,jackhammer
8033,air_conditioner
8035,air_conditioner
8036,siren
8037,street_music
8042,air_conditioner
8043,street_music
8046,siren
8047,car_horn
8049,car_horn
8050,car_horn
8052,street_music
8053,street_music
8055,drilling
8060,children_playing
8062,dog_bark
8067,street_music
8072,street_music
8073,air_conditioner
8074,car_horn
8075,engine_idling
8077,engine_idling
8078,children_playing
8079,dog_bark
8080,street_music
8084,children_playing
8085,engine_idling
8086,air_conditioner
8088,gun_shot
8090,engine_idling
8092,gun_shot
8093,air_conditioner
8095,street_music
8099,dog_bark
8100,children_playing
8103,jackhammer
8104,drilling
8105,gun_shot
8106,drilling
8108,street_music
8114,street_music
8118,children_playing
8122,street_music
8125,air_conditioner
8131,engine_idling
8135,engine_idling
8137,siren
8140,drilling
8142,engine_idling
8145,street_music
8146,street_music
8148,dog_bark
8150,engine_idling
8151,car_horn
8155,air_conditioner
8156,street_music
8161,drilling
8166,children_playing
8168,dog_bark
8171,jackhammer
8173,street_music
8174,drilling
8177,street_music
8182,street_music
8183,air_conditioner
8184,drilling
8185,dog_bark
8187,siren
8188,siren
8189,dog_bark
8190,siren
8191,jackhammer
8192,children_playing
8194,jackhammer
8195,siren
8199,children_playing
8200,street_music
8201,jackhammer
8210,children_playing
8211,drilling
8213,children_playing
8215,dog_bark
8216,dog_bark
8219,engine_idling
8220,drilling
8221,jackhammer
8228,street_music
8229,siren
8232,gun_shot
8233,jackhammer
8238,car_horn
8241,drilling
8244,jackhammer
8247,siren
8249,street_music
8252,dog_bark
8253,children_playing
8259,drilling
8261,engine_idling
8262,siren
8264,dog_bark
8266,siren
8268,children_playing
8270,siren
8271,drilling
8272,air_conditioner
8274,engine_idling
8279,siren
8283,siren
8285,drilling
8287,air_conditioner
8289,air_conditioner
8293,jackhammer
8296,children_playing
8297,air_conditioner
8300,street_music
8306,siren
8307,car_horn
8308,jackhammer
8310,car_horn
8311,car_horn
8313,car_horn
8314,car_horn
8315,children_playing
8318,air_conditioner
8323,engine_idling
8324,children_playing
8327,siren
8330,drilling
8332,engine_idling
8334,children_playing
8337,drilling
8344,siren
8345,car_horn
8346,siren
8347,car_horn
8352,engine_idling
8353,siren
8354,gun_shot
8361,drilling
8364,street_music
8365,street_music
8369,engine_idling
8370,dog_bark
8377,street_music
8378,dog_bark
8380,siren
8381,air_conditioner
8384,air_conditioner
8386,engine_idling
8387,engine_idling
8391,engine_idling
8392,air_conditioner
8393,drilling
8399,children_playing
8401,jackhammer
8403,siren
8406,car_horn
8407,dog_bark
8409,dog_bark
8412,children_playing
8416,air_conditioner
8417,air_conditioner
8419,dog_bark
8420,dog_bark
8421,air_conditioner
8422,drilling
8424,siren
8425,air_conditioner
8427,drilling
8428,street_music
8430,siren
8431,siren
8432,air_conditioner
8434,car_horn
8437,siren
8438,engine_idling
8443,car_horn
8447,dog_bark
8449,children_playing
8450,drilling
8458,air_conditioner
8462,siren
8466,drilling
8467,siren
8469,siren
8471,drilling
8472,children_playing
8473,car_horn
8474,jackhammer
8475,car_horn
8476,drilling
8477,siren
8482,engine_idling
8485,dog_bark
8486,siren
8491,air_conditioner
8492,drilling
8493,jackhammer
8496,air_conditioner
8498,jackhammer
8499,dog_bark
8501,street_music
8503,engine_idling
8507,children_playing
8510,drilling
8511,engine_idling
8512,children_playing
8514,engine_idling
8515,air_conditioner
8520,jackhammer
8522,drilling
8523,children_playing
8524,gun_shot
8526,children_playing
8527,engine_idling
8531,children_playing
8534,engine_idling
8535,dog_bark
8536,siren
8544,children_playing
8547,siren
8552,jackhammer
8553,drilling
8560,drilling
8564,siren
8568,drilling
8569,children_playing
8570,drilling
8575,engine_idling
8578,car_horn
8579,children_playing
8580,street_music
8581,street_music
8586,dog_bark
8587,drilling
8589,siren
8590,car_horn
8594,car_horn
8595,drilling
8596,siren
8597,jackhammer
8599,siren
8604,street_music
8605,drilling
8607,siren
8609,air_conditioner
8611,dog_bark
8612,siren
8613,dog_bark
8615,jackhammer
8618,air_conditioner
8620,dog_bark
8621,gun_shot
8624,drilling
8625,car_horn
8626,drilling
8627,air_conditioner
8628,children_playing
8630,engine_idling
8632,siren
8635,children_playing
8636,children_playing
8639,air_conditioner
8640,children_playing
8641,siren
8643,jackhammer
8644,dog_bark
8646,engine_idling
8649,siren
8650,dog_bark
8653,drilling
8656,dog_bark
8657,gun_shot
8658,dog_bark
8659,air_conditioner
8665,siren
8666,drilling
8667,air_conditioner
8670,siren
8675,siren
8676,jackhammer
8677,air_conditioner
8678,drilling
8681,jackhammer
8682,car_horn
8684,street_music
8685,drilling
8690,street_music
8691,street_music
8693,car_horn
8694,street_music
8699,street_music
8707,gun_shot
8710,street_music
8711,dog_bark
8713,dog_bark
8715,siren
8716,children_playing
8720,street_music
8722,dog_bark
8723,street_music
8726,dog_bark
8727,engine_idling
